Date,Adj Close,Volume
12/30/1991,3201.5,471700
1/6/1992,3199.5,1350900
1/13/1992,3265,1509600
1/20/1992,3232.800049,1086800
1/27/1992,3223.399902,1192600
2/3/1992,3225.399902,1123400
2/10/1992,3246,1045400
2/17/1992,3280.199951,975800
2/24/1992,3267.699951,966900
3/2/1992,3221.600098,962200
3/9/1992,3235.899902,893800
3/16/1992,3276.399902,967700
3/23/1992,3231.399902,922900
3/30/1992,3249.100098,867600
4/6/1992,3255.399902,1154500
4/13/1992,3366.5,925700
4/20/1992,3324.5,1065600
4/27/1992,3336.100098,1040900
5/4/1992,3369.399902,868300
5/11/1992,3353.100098,875600
5/18/1992,3386.800049,1070200
5/25/1992,3396.899902,874500
6/1/1992,3398.699951,1144500
6/8/1992,3354.399902,993400
6/15/1992,3285.399902,1169000
6/22/1992,3282.399902,1089100
6/29/1992,3330.300049,844400
7/6/1992,3330.600098,1111000
7/13/1992,3331.600098,982200
7/20/1992,3285.699951,910400
7/27/1992,3393.800049,1007300
8/3/1992,3332.199951,958000
8/10/1992,3328.899902,843600
8/17/1992,3254.100098,775100
8/24/1992,3267.600098,929100
8/31/1992,3281.899902,836200
9/7/1992,3305.699951,741000
9/14/1992,3327.100098,1229300
9/21/1992,3250.300049,1091300
9/28/1992,3200.600098,1012800
10/5/1992,3136.600098,1189100
10/12/1992,3174.399902,1264700
10/19/1992,3207.600098,1269400
10/26/1992,3226.300049,1167500
11/2/1992,3240.100098,1204000
11/9/1992,3233,1061700
11/16/1992,3227.399902,1154700
11/23/1992,3282.199951,872400
11/30/1992,3288.699951,1207800
12/7/1992,3304.100098,1051700
12/14/1992,3313.300049,1540100
12/21/1992,3326.199951,845600
12/28/1992,3301.110107,691900
1/4/1993,3251.699951,1527600
1/11/1993,3271.100098,1585300
1/18/1993,3256.800049,1431900
1/25/1993,3310,1655300
2/1/1993,3442.100098,1654600
2/8/1993,3392.429932,1318800
2/15/1993,3322.179932,1344500
2/22/1993,3370.810059,1457200
3/1/1993,3404.580078,1215100
3/8/1993,3427.820068,1391800
3/15/1993,3471.580078,1134500
3/22/1993,3439.97998,1409900
3/29/1993,3370.810059,1453700
4/5/1993,3396.47998,1392400
4/12/1993,3478.610107,1389600
4/19/1993,3413.77002,1468100
4/26/1993,3427.550049,1465800
5/3/1993,3437.189941,1204700
5/10/1993,3443.01001,1197800
5/17/1993,3492.830078,1281400
5/24/1993,3527.429932,1042700
5/31/1993,3545.139893,752900
6/7/1993,3505.01001,981600
6/14/1993,3494.77002,1147600
6/21/1993,3490.889893,1084300
6/28/1993,3483.969971,1063400
7/5/1993,3521.060059,972700
7/12/1993,3528.290039,1131000
7/19/1993,3546.73999,1137900
7/26/1993,3539.469971,1349800
8/2/1993,3560.429932,1074800
8/9/1993,3569.649902,1076100
8/16/1993,3615.47998,1522900
8/23/1993,3640.629883,1217800
8/30/1993,3633.929932,1009000
9/6/1993,3621.629883,826600
9/13/1993,3613.25,1355100
9/20/1993,3543.110107,1230800
9/27/1993,3581.110107,1072400
10/4/1993,3584.73999,1009700
10/11/1993,3629.72998,1399800
10/18/1993,3649.300049,1247500
10/25/1993,3680.590088,1392800
11/1/1993,3643.429932,1417500
11/8/1993,3684.5,1399300
11/15/1993,3694.01001,1566300
11/22/1993,3683.949951,895800
11/29/1993,3704.070068,1159700
12/6/1993,3740.669922,1221600
12/13/1993,3751.570068,1534300
12/20/1993,3757.719971,904700
12/27/1993,3754.090088,840100
1/3/1994,3820.77002,1649400
1/10/1994,3867.199951,1444300
1/17/1994,3914.47998,1345700
1/24/1994,3945.429932,1491400
1/31/1994,3871.419922,1361600
2/7/1994,3894.780029,1477200
2/14/1994,3887.459961,1314700
2/21/1994,3838.780029,954600
2/28/1994,3832.300049,1458600
3/7/1994,3862.699951,1216800
3/14/1994,3895.649902,1607100
3/21/1994,3774.72998,1174800
3/28/1994,3635.959961,1459600
4/4/1994,3674.26001,1726300
4/11/1994,3661.469971,1263200
4/18/1994,3648.679932,1665800
4/25/1994,3681.689941,1011500
5/2/1994,3669.5,1199100
5/9/1994,3659.679932,1285100
5/16/1994,3766.350098,1427900
5/23/1994,3757.139893,1226300
5/30/1994,3772.219971,931400
6/6/1994,3773.449951,1084100
6/13/1994,3776.780029,1497800
6/20/1994,3636.939941,1254800
6/27/1994,3646.649902,1186900
7/4/1994,3709.139893,824100
7/11/1994,3753.810059,1209400
7/18/1994,3735.040039,1143600
7/25/1994,3764.5,1115900
8/1/1994,3747.02002,1228400
8/8/1994,3768.709961,1181800
8/15/1994,3755.110107,1482500
8/22/1994,3881.050049,1436800
8/29/1994,3885.580078,1415600
9/5/1994,3874.810059,1015700
9/12/1994,3933.350098,1583900
9/19/1994,3831.75,1528100
9/26/1994,3843.189941,1293400
10/3/1994,3797.429932,1464200
10/10/1994,3910.469971,1263100
10/17/1994,3891.300049,1610400
10/24/1994,3930.659912,1705600
10/31/1994,3807.52002,1551600
11/7/1994,3801.469971,1388900
11/14/1994,3815.26001,1575600
11/21/1994,3708.27002,1170800
11/28/1994,3745.620117,1258400
12/5/1994,3691.110107,1381800
12/12/1994,3807.189941,1661100
12/19/1994,3833.429932,1228700
12/26/1994,3834.439941,671100
1/2/1995,3867.409912,1077100
1/9/1995,3908.459961,1314900
1/16/1995,3869.429932,1353300
1/23/1995,3857.98999,1678100
1/30/1995,3928.639893,1798500
2/6/1995,3939.070068,1330500
2/13/1995,3953.540039,1645500
2/20/1995,4011.73999,1238000
2/27/1995,3989.610107,1406000
3/6/1995,4035.610107,1460300
3/13/1995,4073.649902,1656600
3/20/1995,4138.669922,1459900
3/27/1995,4157.689941,1525200
4/3/1995,4192.620117,1373600
4/10/1995,4208.180176,974400
4/17/1995,4270.089844,1660900
4/24/1995,4321.27002,1466800
5/1/1995,4343.399902,1606200
5/8/1995,4430.560059,1653000
5/15/1995,4341.330078,1681400
5/22/1995,4369,1446700
5/29/1995,4444.390137,1152800
6/5/1995,4423.990234,1481300
6/12/1995,4510.790039,1560400
6/19/1995,4585.839844,1428900
6/26/1995,4556.100098,1303900
7/3/1995,4702.72998,1242600
7/10/1995,4708.819824,1531100
7/17/1995,4641.549805,1973800
7/24/1995,4715.509766,1615800
7/31/1995,4683.459961,1547700
8/7/1995,4618.299805,1139200
8/14/1995,4617.600098,1496000
8/21/1995,4601.399902,1422800
8/28/1995,4647.540039,1127300
9/4/1995,4700.720215,1061700
9/11/1995,4797.569824,1989300
9/18/1995,4764.149902,1967600
9/25/1995,4789.080078,1843100
10/2/1995,4769.209961,1528100
10/9/1995,4793.779785,1609000
10/16/1995,4794.859863,1570600
10/23/1995,4741.75,1613100
10/30/1995,4825.569824,1348400
11/6/1995,4870.370117,1284000
11/13/1995,4989.950195,1685000
11/20/1995,5048.839844,1045500
11/27/1995,5087.129883,1446200
12/4/1995,5156.859863,1705600
12/11/1995,5176.72998,1576400
12/18/1995,5097.970215,1674700
12/25/1995,5117.120117,770400
1/1/1996,5181.430176,1722100
1/8/1996,5061.120117,1619900
1/15/1996,5184.680176,2100100
1/22/1996,5271.75,1891800
1/29/1996,5373.990234,1892400
2/5/1996,5541.620117,2030400
2/12/1996,5503.319824,1932600
2/19/1996,5630.490234,1553900
2/26/1996,5536.560059,1872000
3/4/1996,5470.450195,1780300
3/11/1996,5584.970215,2435700
3/18/1996,5636.640137,2073500
3/25/1996,5587.140137,1607600
4/1/1996,5682.879883,1256300
4/8/1996,5532.589844,2195400
4/15/1996,5535.47998,1872700
4/22/1996,5567.990234,1686200
4/29/1996,5478.029785,1671800
5/6/1996,5518.140137,1748600
5/13/1996,5687.5,1992700
5/20/1996,5762.859863,1893900
5/27/1996,5643.180176,1266700
6/3/1996,5697.109863,1595800
6/10/1996,5649.450195,1447700
6/17/1996,5705.22998,1779400
6/24/1996,5654.629883,1655000
7/1/1996,5588.140137,1046900
7/8/1996,5510.560059,1751000
7/15/1996,5426.819824,2375500
7/22/1996,5473.060059,1804700
7/29/1996,5679.830078,1552200
8/5/1996,5681.310059,1306300
8/12/1996,5689.450195,1628900
8/19/1996,5722.740234,1360400
8/26/1996,5616.209961,1150800
9/2/1996,5659.859863,1080300
9/9/1996,5838.52002,1515700
9/16/1996,5888.459961,1870000
9/23/1996,5872.919922,1748800
9/30/1996,5992.859863,1657400
10/7/1996,5969.379883,1550000
10/14/1996,6094.22998,1740900
10/21/1996,6007.02002,1694500
10/28/1996,6021.930176,1668500
11/4/1996,6219.819824,1961200
11/11/1996,6348.029785,2084100
11/18/1996,6471.759766,1736800
11/25/1996,6521.700195,1263200
12/2/1996,6381.939941,2000700
12/9/1996,6304.870117,2032000
12/16/1996,6484.399902,2392200
12/23/1996,6560.910156,803000
12/30/1996,6544.089844,1552900
1/6/1997,6703.790039,2302200
1/13/1997,6833.100098,2097100
1/20/1997,6696.47998,2471900
1/27/1997,6813.089844,2199000
2/3/1997,6855.799805,2102800
2/10/1997,6988.959961,2047000
2/17/1997,6931.620117,1468500
2/24/1997,6877.740234,2040700
3/3/1997,7000.890137,2502300
3/10/1997,6935.459961,1889800
3/17/1997,6804.790039,2641800
3/24/1997,6740.589844,1955500
3/31/1997,6526.100098,2714100
4/7/1997,6391.700195,2149800
4/14/1997,6703.350098,2639800
4/21/1997,6738.899902,2489700
4/28/1997,7071.200195,2494100
5/5/1997,7169.5,2773800
5/12/1997,7194.700195,2664800
5/19/1997,7345.899902,2276800
5/26/1997,7331,1885300
6/2/1997,7435.799805,2209500
6/9/1997,7782,2849000
6/16/1997,7796.5,2783900
6/23/1997,7687.700195,2535100
6/30/1997,7895.799805,1946900
7/7/1997,7921.799805,2727100
7/14/1997,7890.5,3357900
7/21/1997,8113.399902,3072700
7/28/1997,8194,2575800
8/4/1997,8031.200195,2582700
8/11/1997,7694.700195,3073800
8/18/1997,7887.899902,2752200
8/25/1997,7622.399902,2285500
9/1/1997,7822.399902,2135300
9/8/1997,7743,2808400
9/15/1997,7917.299805,3332400
9/22/1997,7922.200195,2870300
9/29/1997,8038.600098,2772800
10/6/1997,8045.200195,2504600
10/13/1997,7847,2811900
10/20/1997,7715.399902,3976900
10/27/1997,7442.100098,4963200
11/3/1997,7581.299805,3010000
11/10/1997,7572.5,2906300
11/17/1997,7881.069824,3003800
11/24/1997,7823.100098,1762800
12/1/1997,8149.100098,3021400
12/8/1997,7838.299805,2796400
12/15/1997,7756.299805,3292300
12/22/1997,7679.299805,1295200
12/29/1997,7965,1625600
1/5/1998,7580.399902,3387700
1/12/1998,7753.5,3385200
1/19/1998,7700.700195,2731500
1/26/1998,7906.5,3267900
2/2/1998,8189.490234,2895200
2/9/1998,8370.099609,2648000
2/16/1998,8413.94043,2237500
2/23/1998,8545.719727,2534100
3/2/1998,8569.389648,2774700
3/9/1998,8602.519531,2569900
3/16/1998,8906.429688,2837500
3/23/1998,8796.080078,2678700
3/30/1998,8983.410156,3254900
4/6/1998,8994.860352,2794500
4/13/1998,9167.5,3193500
4/20/1998,9064.620117,3173400
4/27/1998,9147.070313,3022300
5/4/1998,9055.150391,2429700
5/11/1998,9096,3110000
5/18/1998,9114.44043,2636300
5/25/1998,8899.950195,2075400
6/1/1998,9037.709961,2604800
6/8/1998,8834.94043,2769800
6/15/1998,8712.870117,3437000
6/22/1998,8944.540039,2948800
6/29/1998,9025.259766,2283800
7/6/1998,9105.740234,2983800
7/13/1998,9337.969727,3144600
7/20/1998,8937.360352,3179200
7/27/1998,8883.290039,3660600
8/3/1998,8598.019531,4192800
8/10/1998,8425,3766500
8/17/1998,8533.650391,3336900
8/24/1998,8051.680176,3941500
8/31/1998,7640.25,5659700
9/7/1998,7795.5,3786000
9/14/1998,7895.660156,4219800
9/21/1998,8028.77002,4051600
9/28/1998,7784.689941,4469800
10/5/1998,7899.52002,5355800
10/12/1998,8416.759766,4601100
10/19/1998,8452.290039,3899400
10/26/1998,8592.099609,3270400
11/2/1998,8975.459961,3889500
11/9/1998,8919.589844,3200300
11/16/1998,9159.549805,3554000
11/23/1998,9333.080078,2524300
11/30/1998,9016.139648,4003700
12/7/1998,8821.759766,3797100
12/14/1998,8903.629883,3860700
12/21/1998,9217.990234,2148800
12/28/1998,9181.429688,1987100
1/4/1999,9643.320313,4641500
1/11/1999,9340.549805,4734100
1/18/1999,9120.669922,3735600
1/25/1999,9358.830078,4353700
2/1/1999,9304.240234,4267700
2/8/1999,9274.889648,3983200
2/15/1999,9339.950195,3085000
2/22/1999,9306.580078,4116300
3/1/1999,9736.080078,4672500
3/8/1999,9876.349609,4608300
3/15/1999,9903.549805,4418200
3/22/1999,9822.240234,3683900
3/29/1999,9832.509766,3230600
4/5/1999,10173.83984,4126500
4/12/1999,10493.88965,5307400
4/19/1999,10689.66992,5683500
4/26/1999,10789.04004,5164500
5/3/1999,11031.58984,5213700
5/10/1999,10913.32031,4552100
5/17/1999,10829.28027,4158400
5/24/1999,10559.74023,4502000
5/31/1999,10799.83984,3227000
6/7/1999,10490.50977,4053700
6/14/1999,10855.55957,4079700
6/21/1999,10552.55957,3515400
6/28/1999,11139.24023,4459000
7/5/1999,11193.7002,3456600
7/12/1999,11209.83984,3918700
7/19/1999,10910.95996,4025900
7/26/1999,10655.15039,3655800
8/2/1999,10714.03027,4431100
8/9/1999,10973.65039,4145500
8/16/1999,11100.61035,4260200
8/23/1999,11090.16992,4032300
8/30/1999,11078.4502,4084500
9/6/1999,11028.42969,3153700
9/13/1999,10803.62988,4001000
9/20/1999,10279.33008,4291000
9/27/1999,10273,4796300
10/4/1999,10649.75977,5032700
10/11/1999,10019.70996,3660800
10/18/1999,10470.25,6186800
10/25/1999,10729.86035,6051100
11/1/1999,10704.48047,8147700
11/8/1999,10769.32031,8186900
11/15/1999,11003.88965,7735300
11/22/1999,10988.91016,5381800
11/29/1999,11286.17969,7518900
12/6/1999,11224.7002,8007000
12/13/1999,11257.42969,10495300
12/20/1999,11405.75977,4855900
12/27/1999,11497.12012,3841600
1/3/2000,11522.55957,9128100
1/10/2000,11722.98047,9812800
1/17/2000,11251.70996,7903800
1/24/2000,10738.87012,9781800
1/31/2000,10963.79981,8843800
2/7/2000,10425.20996,8330300
2/14/2000,10219.51953,9186000
2/21/2000,9862.120117,8124000
2/28/2000,10367.2002,10383400
3/6/2000,9928.820313,10588800
3/13/2000,10595.23047,10788300
3/20/2000,11112.71973,10273600
3/27/2000,10921.91992,9558100
4/3/2000,11111.48047,11068600
4/10/2000,10305.76953,10238000
4/17/2000,10844.04981,8181500
4/24/2000,10733.91016,11009400
5/1/2000,10577.86035,8903200
5/8/2000,10609.37012,8599600
5/15/2000,10626.84961,8567900
5/22/2000,10299.24023,8815800
5/29/2000,10794.75977,7132200
6/5/2000,10614.05957,7879500
6/12/2000,10449.29981,8675800
6/19/2000,10404.75,8845400
6/26/2000,10447.88965,8986300
7/3/2000,10635.98047,5351200
7/10/2000,10812.75,7870300
7/17/2000,10733.55957,8966300
7/24/2000,10511.16992,8542800
7/31/2000,10767.75,8029700
8/7/2000,11027.79981,8356500
8/14/2000,11046.48047,8004600
8/21/2000,11192.62988,7116500
8/28/2000,11238.78027,7709600
9/4/2000,11220.65039,8031000
9/11/2000,10927,10584400
9/18/2000,10847.37012,13303500
9/25/2000,10650.91992,13229000
10/2/2000,10596.54004,11943300
10/9/2000,10192.17969,13719000
10/16/2000,10226.58984,15592300
10/23/2000,10590.62012,15815200
10/30/2000,10817.9502,12432800
11/6/2000,10602.9502,11495100
11/13/2000,10629.87012,11119100
11/20/2000,10470.23047,6872000
11/27/2000,10373.54004,13379800
12/4/2000,10712.91016,13900700
12/11/2000,10434.95996,14068700
12/18/2000,10635.55957,13601500
12/25/2000,10787.99023,7437600
1/1/2001,10662.00977,13294700
1/8/2001,10525.37988,12703800
1/15/2001,10587.58984,12085500
1/22/2001,10659.98047,12691200
1/29/2001,10864.09961,11770600
2/5/2001,10781.4502,10416100
2/12/2001,10799.82031,9857200
2/19/2001,10441.90039,9728100
2/26/2001,10466.30957,12502100
3/5/2001,10644.62012,11251500
3/12/2001,9823.410156,14808800
3/19/2001,9504.780273,16150100
3/26/2001,9878.780273,13512800
4/2/2001,9791.089844,13638100
4/9/2001,10126.94043,10061500
4/16/2001,10579.84961,15492700
4/23/2001,10810.04981,11154500
4/30/2001,10951.24023,10501000
5/7/2001,10821.30957,9604100
5/14/2001,11301.74023,10745800
5/21/2001,11005.37012,10211100
5/28/2001,10990.41016,8145800
6/4/2001,10977,10027500
6/11/2001,10623.63965,12819200
6/18/2001,10604.58984,11575700
6/25/2001,10502.40039,12760000
7/2/2001,10252.67969,7310600
7/9/2001,10539.05957,12272100
7/16/2001,10576.65039,12327000
7/23/2001,10416.66992,10345900
7/30/2001,10512.78027,9522800
8/6/2001,10416.25,8417200
8/13/2001,10240.78027,8732300
8/20/2001,10423.16992,9089900
8/27/2001,9949.75,8875000
9/3/2001,9605.849609,11681700
9/10/2001,9605.509766,2800400
9/17/2001,8235.80957,24592900
9/24/2001,8847.55957,16475200
10/1/2001,9119.769531,13990700
10/8/2001,9344.160156,12476200
10/15/2001,9204.110352,12140600
10/22/2001,9545.169922,11667400
10/29/2001,9323.540039,11740000
11/5/2001,9608,11351100
11/12/2001,9866.990234,13000000
11/19/2001,9959.709961,6593300
11/26/2001,9851.55957,11486600
12/3/2001,10049.45996,11837400
12/10/2001,9811.150391,11949500
12/17/2001,10035.33984,13183200
12/24/2001,10136.99023,4588000
12/31/2001,10259.74023,8653900
1/7/2002,9987.530273,10645500
1/14/2002,9771.849609,12290600
1/21/2002,9840.080078,9145100
1/28/2002,9907.259766,12575400
2/4/2002,9744.240234,12607700
2/11/2002,9903.040039,10462400
2/18/2002,9968.150391,10666400
2/25/2002,10368.86035,13109300
3/4/2002,10572.49023,13637200
3/11/2002,10607.23047,11752600
3/18/2002,10427.66992,9975000
3/25/2002,10403.94043,7921900
4/1/2002,10271.63965,9779500
4/8/2002,10190.82031,12676500
4/15/2002,10257.11035,12558700
4/22/2002,9910.719727,11272100
4/29/2002,10006.62988,11952800
5/6/2002,9939.919922,11935900
5/13/2002,10353.08008,11365400
5/20/2002,10104.25977,9217000
5/27/2002,9925.25,8368800
6/3/2002,9589.669922,13459400
6/10/2002,9474.209961,13256500
6/17/2002,9253.790039,14017300
6/24/2002,9243.259766,17104000
7/1/2002,9379.5,9883100
7/8/2002,8684.530273,16357600
7/15/2002,8019.259766,17766200
7/22/2002,8264.389648,23243000
7/29/2002,8313.129883,15942600
8/5/2002,8745.450195,14176200
8/12/2002,8778.05957,13035800
8/19/2002,8872.959961,12263100
8/26/2002,8663.5,10391900
9/2/2002,8427.200195,10799400
9/9/2002,8312.69043,11069300
9/16/2002,7986.02002,14473400
9/23/2002,7701.450195,15941400
9/30/2002,7528.399902,16921100
10/7/2002,7850.290039,18020500
10/14/2002,8322.400391,17345500
10/21/2002,8443.990234,14838400
10/28/2002,8517.639648,14410400
11/4/2002,8537.129883,14880800
11/11/2002,8579.089844,13474500
11/18/2002,8804.839844,14748300
11/25/2002,8896.089844,8187200
12/2/2002,8645.769531,12894600
12/9/2002,8433.709961,10914500
12/16/2002,8511.320313,12940600
12/23/2002,8303.780273,5409900
12/30/2002,8601.69043,8691500
1/6/2003,8784.889648,12698300
1/13/2003,8586.740234,12363400
1/20/2003,8131.009766,10397100
1/27/2003,8053.810059,14028100
2/3/2003,7864.22998,11189700
2/10/2003,7908.799805,11338800
2/17/2003,8018.109863,9052200
2/24/2003,7891.080078,12602500
3/3/2003,7740.029785,12152300
3/10/2003,7859.709961,13781900
3/17/2003,8521.969727,15635500
3/24/2003,8145.77002,11580500
3/31/2003,8277.150391,13593000
4/7/2003,8203.410156,11970800
4/14/2003,8337.650391,10053500
4/21/2003,8306.349609,11638500
4/28/2003,8582.679688,11196500
5/5/2003,8604.599609,8494000
5/12/2003,8678.969727,10789200
5/19/2003,8601.379883,12774700
5/26/2003,8850.259766,10651200
6/2/2003,9062.790039,13863700
6/9/2003,9117.120117,10451200
6/16/2003,9200.75,13088100
6/23/2003,8989.049805,10236200
6/30/2003,9070.209961,8400400
7/7/2003,9119.589844,11409400
7/14/2003,9188.150391,12759300
7/21/2003,9284.570313,10244900
7/28/2003,9153.969727,10665700
8/4/2003,9191.089844,9717100
8/11/2003,9321.69043,7519700
8/18/2003,9348.870117,11174700
8/25/2003,9415.820313,7999600
9/1/2003,9503.339844,8919700
9/8/2003,9471.549805,9358900
9/15/2003,9644.820313,10572200
9/22/2003,9313.080078,10624700
9/29/2003,9572.30957,11435400
10/6/2003,9674.679688,9468300
10/13/2003,9721.790039,9939900
10/20/2003,9582.459961,11041000
10/27/2003,9801.120117,10904200
11/3/2003,9809.790039,9487700
11/10/2003,9768.679688,9518600
11/17/2003,9628.530273,10416900
11/24/2003,9782.459961,6062000
12/1/2003,9862.679688,11773400
12/8/2003,10042.16016,10306300
12/15/2003,10278.21973,11577200
12/22/2003,10324.66992,4525200
12/29/2003,10409.84961,5967600
1/5/2004,10458.88965,10992600
1/12/2004,10600.50977,10958100
1/19/2004,10568.29004,8932000
1/26/2004,10488.07031,11233500
2/2/2004,10593.03027,10070600
2/9/2004,10627.84961,10417100
2/16/2004,10619.03027,7745500
2/23/2004,10583.91992,10713200
3/1/2004,10595.54981,10169600
3/8/2004,10240.08008,12199700
3/15/2004,10186.59961,10753300
3/22/2004,10212.96973,11037500
3/29/2004,10470.58984,10553600
4/5/2004,10442.03027,7636200
4/12/2004,10451.96973,10727300
4/19/2004,10472.83984,11534900
4/26/2004,10225.57031,10784300
5/3/2004,10117.33984,10098500
5/10/2004,10012.87012,11326700
5/17/2004,9966.740234,9554000
5/24/2004,10188.4502,9188800
5/31/2004,10242.82031,6741600
6/7/2004,10410.09961,6718900
6/14/2004,10416.41016,10138300
6/21/2004,10371.83984,11121200
6/28/2004,10282.83008,10206100
7/5/2004,10213.21973,7030300
7/12/2004,10139.78027,11142900
7/19/2004,9962.219727,11600000
7/26/2004,10139.70996,10933600
8/2/2004,9815.330078,9197600
8/9/2004,9825.349609,9295100
8/16/2004,10110.13965,9221900
8/23/2004,10195.00977,7066600
8/30/2004,10260.2002,8472500
9/6/2004,10313.07031,8674900
9/13/2004,10284.45996,10622400
9/20/2004,10047.24023,11132700
9/27/2004,10192.65039,12941000
10/4/2004,10055.2002,12135500
10/11/2004,9933.379883,12360400
10/18/2004,9757.80957,12950000
10/25/2004,10027.46973,12807800
11/1/2004,10387.54004,16608500
11/8/2004,10539.00977,13640900
11/15/2004,10456.91016,13163200
11/22/2004,10522.23047,7907700
11/29/2004,10592.20996,14248600
12/6/2004,10543.21973,12454200
12/13/2004,10649.91992,17791200
12/20/2004,10827.12012,10397100
12/27/2004,10783.00977,7901900
1/3/2005,10603.95996,13440700
1/10/2005,10558,13589400
1/17/2005,10392.99023,10284200
1/24/2005,10427.2002,13954400
1/31/2005,10716.12988,13369900
2/7/2005,10796.00977,12903000
2/14/2005,10785.21973,13073300
2/21/2005,10841.59961,11138800
2/28/2005,10940.54981,12450100
3/7/2005,10774.36035,11701500
3/14/2005,10629.66992,15132100
3/21/2005,10442.87012,11288500
3/28/2005,10404.29981,13699100
4/4/2005,10461.33984,12875100
4/11/2005,10087.50977,14557800
4/18/2005,10157.70996,14721800
4/25/2005,10192.50977,13179600
5/2/2005,10345.40039,12594300
5/9/2005,10140.12012,11626500
5/16/2005,10471.91016,11995300
5/23/2005,10542.54981,9806100
5/30/2005,10460.96973,8833200
6/6/2005,10512.62988,10069100
6/13/2005,10623.07031,12096300
6/20/2005,10297.83984,12074300
6/27/2005,10303.44043,11916000
7/4/2005,10449.13965,9974000
7/11/2005,10640.83008,11830100
7/18/2005,10651.17969,13501000
7/25/2005,10640.91016,10593100
8/1/2005,10558.03027,11209700
8/8/2005,10600.30957,11049000
8/15/2005,10559.23047,10746300
8/22/2005,10397.29004,10630800
8/29/2005,10447.37012,12023000
9/5/2005,10678.55957,9305900
9/12/2005,10641.94043,14214500
9/19/2005,10419.58984,12375900
9/26/2005,10568.7002,11562000
10/3/2005,10292.30957,13615300
10/10/2005,10287.33984,13003100
10/17/2005,10215.21973,15501300
10/24/2005,10402.76953,12970100
10/31/2005,10530.75977,14460400
11/7/2005,10686.04004,11766900
11/14/2005,10766.33008,13902000
11/21/2005,10931.62012,9206700
11/28/2005,10877.50977,12441400
12/5/2005,10778.58008,12376800
12/12/2005,10875.58984,16362200
12/19/2005,10883.26953,11996800
12/26/2005,10717.5,6784500
1/2/2006,10959.30957,11170900
1/9/2006,10959.87012,12851100
1/16/2006,10667.38965,15030600
1/23/2006,10907.20996,19538900
1/30/2006,10793.62012,16874300
2/6/2006,10919.04981,15629100
2/13/2006,11115.32031,14823800
2/20/2006,11061.84961,11253700
2/27/2006,11021.58984,15047100
3/6/2006,11076.33984,13777200
3/13/2006,11279.65039,15643000
3/20/2006,11279.96973,14554100
3/27/2006,11109.32031,13721000
4/3/2006,11120.04004,12722400
4/10/2006,11137.65039,9169200
4/17/2006,11347.4502,15031800
4/24/2006,11367.13965,18916800
5/1/2006,11577.74023,17547800
5/8/2006,11380.99023,15014500
5/15/2006,11144.05957,18309800
5/22/2006,11278.61035,16584600
5/29/2006,11247.87012,11787100
6/5/2006,10891.91992,16894300
6/12/2006,11014.54981,18381300
6/19/2006,10989.08984,14327900
6/26/2006,11150.21973,14355200
7/3/2006,11090.66992,8613600
7/10/2006,10739.34961,14130500
7/17/2006,10868.37988,16534400
7/24/2006,11219.7002,13946400
7/31/2006,11240.34961,10770500
8/7/2006,11088.03027,10406400
8/14/2006,11381.46973,11594300
8/21/2006,11284.04981,9012300
8/28/2006,11464.15039,8845000
9/4/2006,11392.11035,7512700
9/11/2006,11560.76953,12367200
9/18/2006,11508.09961,10378000
9/25/2006,11679.07031,13010900
10/2/2006,11850.20996,12069700
10/9/2006,11960.50977,12473000
10/16/2006,12002.37012,14285100
10/23/2006,12090.25977,12993900
10/30/2006,11986.04004,11492500
11/6/2006,12108.42969,11660800
11/13/2006,12342.55957,12166500
11/20/2006,12280.16992,7009900
11/27/2006,12194.12988,12489400
12/4/2006,12307.49023,12167800
12/11/2006,12445.51953,13471600
12/18/2006,12343.21973,9998000
12/25/2006,12463.15039,5421600
1/1/2007,12398.00977,8214800
1/8/2007,12556.08008,11935100
1/15/2007,12565.53027,10536100
1/22/2007,12487.01953,12698800
1/29/2007,12653.49023,11757000
2/5/2007,12580.83008,10133200
2/12/2007,12767.57031,10176400
2/19/2007,12647.48047,8415200
2/26/2007,12114.09961,17233900
3/5/2007,12276.32031,12732300
3/12/2007,12110.41016,14866300
3/19/2007,12481.00977,10902100
3/26/2007,12354.34961,10959200
4/2/2007,12560.2002,8049500
4/9/2007,12612.12988,10942900
4/16/2007,12961.98047,14220900
4/23/2007,13120.94043,12343900
4/30/2007,13264.62012,12479500
5/7/2007,13326.21973,11513100
5/14/2007,13556.53027,11813900
5/21/2007,13507.28027,10493800
5/28/2007,13668.11035,8866900
6/4/2007,13424.38965,11785800
6/11/2007,13639.48047,13235300
6/18/2007,13360.25977,13048100
6/25/2007,13408.62012,12079200
7/2/2007,13611.67969,6728700
7/9/2007,13907.25,12160100
7/16/2007,13851.08008,14425200
7/23/2007,13265.46973,15653000
7/30/2007,13181.91016,15379300
8/6/2007,13239.54004,15742400
8/13/2007,13079.08008,16382300
8/20/2007,13378.87012,10255500
8/27/2007,13357.74023,10385100
9/3/2007,13113.37988,9360100
9/10/2007,13442.51953,10319300
9/17/2007,13820.19043,13441900
9/24/2007,13895.62988,10162400
10/1/2007,14066.00977,8807500
10/8/2007,14093.08008,8702700
10/15/2007,13522.01953,13037200
10/22/2007,13806.7002,12808600
10/29/2007,13595.09961,12906600
11/5/2007,13042.74023,15455200
11/12/2007,13176.79004,14152300
11/19/2007,12980.87988,10184000
11/26/2007,13371.71973,13857400
12/3/2007,13625.58008,10506000
12/10/2007,13339.84961,12757100
12/17/2007,13450.65039,13192600
12/24/2007,13365.87012,4975100
12/31/2007,12800.17969,9116500
1/7/2008,12606.29981,15895100
1/14/2008,12099.29981,20082400
1/21/2008,12207.16992,18245800
1/28/2008,12743.19043,16726700
2/4/2008,12182.12988,14565500
2/11/2008,12348.20996,12849600
2/18/2008,12381.01953,11560500
2/25/2008,12266.38965,14432200
3/3/2008,11893.69043,15027000
3/10/2008,11951.08984,16895500
3/17/2008,12361.32031,15817800
3/24/2008,12216.40039,11813800
3/31/2008,12609.41992,11670300
4/7/2008,12325.41992,11044000
4/14/2008,12849.36035,12154800
4/21/2008,12891.86035,11421500
4/28/2008,13058.2002,11462800
5/5/2008,12745.87988,10079900
5/12/2008,12986.79981,11086800
5/19/2008,12479.62988,11313700
5/26/2008,12638.32031,8318600
6/2/2008,12209.80957,12091200
6/9/2008,12307.34961,12631700
6/16/2008,11842.69043,12703500
6/23/2008,11346.50977,12851000
6/30/2008,11288.54004,9894000
7/7/2008,11100.54004,12698600
7/14/2008,11496.57031,15582100
7/21/2008,11370.69043,11831200
7/28/2008,11326.32031,10229000
8/4/2008,11734.32031,10277400
8/11/2008,11659.90039,9141600
8/18/2008,11628.05957,7415600
8/25/2008,11543.95996,7050500
9/1/2008,11220.95996,7788400
9/8/2008,11421.99023,12312700
9/15/2008,11388.44043,25341000
9/22/2008,11143.12988,10524100
9/29/2008,10325.37988,16574000
10/6/2008,8451.19043,23449100
10/13/2008,8852.219727,19694300
10/20/2008,8378.950195,14978200
10/27/2008,9325.009766,15477300
11/3/2008,8943.80957,12911900
11/10/2008,8497.30957,15741300
11/17/2008,8046.419922,20922200
11/24/2008,8829.040039,13053400
12/1/2008,8635.419922,15504600
12/8/2008,8629.679688,14383200
12/15/2008,8579.110352,16306200
12/22/2008,8515.549805,5394200
12/29/2008,9034.69043,7567500
1/5/2009,8599.179688,11468000
1/12/2009,8281.219727,18086700
1/19/2009,8077.560059,16197900
1/26/2009,8000.859863,14730200
2/2/2009,8280.589844,17398600
2/9/2009,7850.410156,15933700
2/16/2009,7365.669922,14874500
2/23/2009,7062.930176,23136800
3/2/2009,6626.939941,24137200
3/9/2009,7223.97998,24981400
3/16/2009,7278.379883,27958300
3/23/2009,7776.180176,20702700
3/30/2009,8017.589844,18954700
4/6/2009,8083.379883,12417300
4/13/2009,8131.330078,22476800
4/20/2009,8076.290039,19946800
4/27/2009,8212.410156,14368000
5/4/2009,8574.650391,20255200
5/11/2009,8268.639648,16370200
5/18/2009,8277.320313,15811000
5/25/2009,8500.330078,12533900
6/1/2009,8763.129883,13573200
6/8/2009,8799.259766,10114000
6/15/2009,8539.730469,14575400
6/22/2009,8438.389648,12480000
6/29/2009,8280.740234,7922200
7/6/2009,8146.52002,11099500
7/13/2009,8743.94043,12656800
7/20/2009,9093.240234,11207200
7/27/2009,9171.610352,10635900
8/3/2009,9370.070313,11153400
8/10/2009,9321.400391,8485700
8/17/2009,9505.959961,9878100
8/24/2009,9544.200195,8888900
8/31/2009,9441.269531,9656300
9/7/2009,9605.410156,8240800
9/14/2009,9820.200195,13121800
9/21/2009,9665.19043,9920200
9/28/2009,9487.669922,10729100
10/5/2009,9864.94043,9182200
10/12/2009,9995.910156,12154200
10/19/2009,9972.179688,11893600
10/26/2009,9712.730469,13414100
11/2/2009,10023.41992,10901600
11/9/2009,10270.46973,9394300
11/16/2009,10318.16016,9539100
11/23/2009,10309.91992,6064700
11/30/2009,10388.90039,12779300
12/7/2009,10471.5,9828400
12/14/2009,10328.88965,12291700
12/21/2009,10520.08984,4646800
12/28/2009,10428.04981,4430000
1/4/2010,10618.19043,9444600
1/11/2010,10609.65039,12051600
1/18/2010,10172.98047,10233300
1/25/2010,10067.33008,12517500
2/1/2010,10012.23047,12470700
2/8/2010,10099.13965,11220600
2/15/2010,10402.34961,8552300
2/22/2010,10325.25977,10553000
3/1/2010,10566.2002,9242300
3/8/2010,10624.69043,8943500
3/15/2010,10741.98047,11696400
3/22/2010,10850.36035,9177300
3/29/2010,10927.07031,6421000
4/5/2010,10997.34961,7960300
4/12/2010,11018.66016,11395000
4/19/2010,11204.28027,10009800
4/26/2010,11008.61035,11415200
5/3/2010,10380.42969,15276300
5/10/2010,10620.16016,11919100
5/17/2010,10193.38965,15331900
5/24/2010,10136.62988,13529600
5/31/2010,9931.969727,8562200
6/7/2010,10211.07031,11149200
6/14/2010,10450.63965,10658700
6/21/2010,10143.80957,12149800
6/28/2010,9686.480469,11520800
7/5/2010,10198.03027,8076000
7/12/2010,10097.90039,10641200
7/19/2010,10424.62012,9775000
7/26/2010,10465.94043,9317100
8/2/2010,10653.55957,8003600
8/9/2010,10303.15039,9618000
8/16/2010,10213.62012,9848300
8/23/2010,10150.65039,9646600
8/30/2010,10447.92969,9301400
9/6/2010,10462.76953,6197100
9/13/2010,10607.84961,10880800
9/20/2010,10860.25977,8485500
9/27/2010,10829.67969,8462800
10/4/2010,11006.48047,8342500
10/11/2010,11062.78027,10102800
10/18/2010,11132.55957,9407000
10/25/2010,11118.49023,8401300
11/1/2010,11444.08008,9244500
11/8/2010,11192.58008,9843800
11/15/2010,11203.54981,9616500
11/22/2010,11091.87012,5523500
11/29/2010,11382.08984,9493500
12/6/2010,11410.32031,7702600
12/13/2010,11491.91016,10120600
12/20/2010,11573.49023,4676600
12/27/2010,11577.50977,4388700
1/3/2011,11674.75977,9338400
1/10/2011,11787.37988,8151700
1/17/2011,11871.83984,7999200
1/24/2011,11823.7002,9262100
1/31/2011,12092.15039,7964000
2/7/2011,12273.25977,8812500
2/14/2011,12391.25,7961000
2/21/2011,12130.4502,7537500
2/28/2011,12169.87988,8546100
3/7/2011,12044.40039,7875000
3/14/2011,11858.51953,11763100
3/21/2011,12220.58984,6543900
3/28/2011,12376.71973,7261800
4/4/2011,12380.04981,7207600
4/11/2011,12341.83008,7415400
4/18/2011,12505.99023,7106200
4/25/2011,12810.54004,10005700
5/2/2011,12638.74023,8814600
5/9/2011,12595.75,8770700
5/16/2011,12512.04004,8937100
5/23/2011,12441.58008,7174900
5/30/2011,12151.25977,7054200
6/6/2011,11951.91016,8140900
6/13/2011,12004.36035,10270000
6/20/2011,11934.58008,8865700
6/27/2011,12582.76953,7935400
7/4/2011,12657.2002,5402200
7/11/2011,12479.73047,7920900
7/18/2011,12681.16016,7820100
7/25/2011,12143.24023,8362900
8/1/2011,11444.61035,12951700
8/8/2011,11269.01953,19289100
8/15/2011,10817.65039,11920900
8/22/2011,11284.54004,11976900
8/29/2011,11240.25977,9421400
9/5/2011,10992.12988,7849500
9/12/2011,11509.08984,11777200
9/19/2011,10771.48047,10658100
9/26/2011,10913.37988,10152700
10/3/2011,11103.12012,11148600
10/10/2011,11644.49023,7433200
10/17/2011,11808.79004,9414500
10/24/2011,12231.11035,9223100
10/31/2011,11983.24023,8425400
11/7/2011,12153.67969,7470300
11/14/2011,11796.16016,6514100
11/21/2011,11231.65039,5592300
11/28/2011,12019.41992,9425000
12/5/2011,12184.25977,7883200
12/12/2011,11866.38965,10086500
12/19/2011,12294,6956300
12/26/2011,12217.55957,2850700
1/2/2012,12359.91992,5872500
1/9/2012,12422.05957,6833900
1/16/2012,12720.48047,7059800
1/23/2012,12660.45996,7059600
1/30/2012,12862.23047,6992000
2/6/2012,12801.23047,6431400
2/13/2012,12949.87012,7289500
2/20/2012,12982.9502,4989000
2/27/2012,12977.57031,6740500
3/5/2012,12922.01953,6328400
3/12/2012,13232.62012,9810100
3/19/2012,13080.73047,6556300
3/26/2012,13212.04004,7003400
4/2/2012,13060.13965,4673000
4/9/2012,12849.58984,6508500
4/16/2012,13029.25977,7017200
4/23/2012,13228.30957,6271600
4/30/2012,13038.26953,5679200
5/7/2012,12820.59961,6961800
5/14/2012,12369.37988,8305300
5/21/2012,12454.83008,6477600
5/28/2012,12118.57031,5984200
6/4/2012,12554.2002,6184800
6/11/2012,12767.16992,7711300
6/18/2012,12640.78027,7123100
6/25/2012,12880.08984,6588100
7/2/2012,12772.46973,3680500
7/9/2012,12777.08984,6071700
7/16/2012,12822.57031,6934400
7/23/2012,13075.66016,6917400
7/30/2012,13096.16992,5756500
8/6/2012,13207.9502,4354100
8/13/2012,13275.2002,4822400
8/20/2012,13157.96973,5127000
8/27/2012,13090.83984,4789900
9/3/2012,13306.63965,4673300
9/10/2012,13593.37012,6771800
9/17/2012,13579.46973,9124700
9/24/2012,13437.12988,6442900
10/1/2012,13610.15039,5226300
10/8/2012,13328.84961,4764200
10/15/2012,13343.50977,7313900
10/22/2012,13107.20996,6040000
10/29/2012,13093.16016,4163300
11/5/2012,12815.38965,6353300
11/12/2012,12588.30957,6930000
11/19/2012,13009.53027,4294800
11/26/2012,13025.58008,6479500
12/3/2012,13155.12988,6404000
12/10/2012,13135.00977,5893600
12/17/2012,13190.83984,9779900
12/24/2012,12938.11035,3132600
12/31/2012,13435.20996,5443900
1/7/2013,13488.42969,6184800
1/14/2013,13649.7002,7840800
1/21/2013,13895.98047,5038700
1/28/2013,14009.79004,6100200
2/4/2013,13992.96973,6107600
2/11/2013,13981.75977,6332600
2/18/2013,14000.57031,5462100
2/25/2013,14089.66016,6948500
3/4/2013,14397.07031,5721300
3/11/2013,14514.11035,8060600
3/18/2013,14512.03027,5749500
3/25/2013,14578.54004,4672600
4/1/2013,14565.25,5530000
4/8/2013,14865.05957,6199200
4/15/2013,14547.50977,8212600
4/22/2013,14712.54981,6807400
4/29/2013,14973.95996,5690000
5/6/2013,15118.49023,5436900
5/13/2013,15354.40039,6637400
5/20/2013,15303.09961,6657100
5/27/2013,15115.57031,5746800
6/3/2013,15248.12012,7014500
6/10/2013,15070.17969,5135500
6/17/2013,14799.40039,9425500
6/24/2013,14909.59961,7714900
7/1/2013,15135.83984,3927400
7/8/2013,15464.29981,6062300
7/15/2013,15543.74023,6971700
7/22/2013,15558.83008,5770800
7/29/2013,15658.36035,5657900
8/5/2013,15425.50977,4251800
8/12/2013,15081.46973,5338400
8/19/2013,15010.50977,5976900
8/26/2013,14810.30957,5550700
9/2/2013,14922.5,4741000
9/9/2013,15376.05957,4866000
9/16/2013,15451.08984,8515600
9/23/2013,15258.24023,4369500
9/30/2013,15072.58008,4572800
10/7/2013,15237.11035,4777700
10/14/2013,15399.65039,5308600
10/21/2013,15570.28027,4904600
10/28/2013,15615.54981,4744100
11/4/2013,15761.78027,4773500
11/11/2013,15961.7002,4808900
11/18/2013,16064.76953,4237800
11/25/2013,16086.41016,3364100
12/2/2013,16020.2002,5340200
12/9/2013,15755.36035,4674500
12/16/2013,16221.13965,7127500
12/23/2013,16478.41016,2099600
12/30/2013,16469.99023,2867100
1/6/2014,16437.05078,4430900
1/13/2014,16458.56055,5837600
1/20/2014,15879.11035,4410300
1/27/2014,15698.84961,5554300
2/3/2014,15794.08008,5930500
2/10/2014,16154.38965,4408800
2/17/2014,16103.29981,3761100
2/24/2014,16321.70996,6577800
3/3/2014,16452.7207,4194500
3/10/2014,16065.66992,3960800
3/17/2014,16302.76953,7033800
3/24/2014,16323.05957,4725200
3/31/2014,16412.71094,4522100
4/7/2014,16026.75,5387000
4/14/2014,16408.53906,4187100
4/21/2014,16361.45996,4121300
4/28/2014,16512.89063,4242600
5/5/2014,16583.33984,3891300
5/12/2014,16491.31055,4408000
5/19/2014,16606.26953,3546500
5/26/2014,16717.16992,3040400
6/2/2014,16924.2793,3419500
6/9/2014,16775.74023,3613300
6/16/2014,16947.08008,5427200
6/23/2014,16851.83984,4191200
6/30/2014,17068.25977,2890500
7/7/2014,16943.81055,3323600
7/14/2014,17100.17969,4855700
7/21/2014,16960.57031,3526700
7/28/2014,16493.36914,4064500
8/4/2014,16553.92969,3943400
8/11/2014,16662.91016,3659000
8/18/2014,17001.2207,3343400
8/25/2014,17098.44922,3031600
9/1/2014,17137.35938,2723400
9/8/2014,16987.50977,3579200
9/15/2014,17279.74023,6676700
9/22/2014,17113.15039,4001100
9/29/2014,17009.68945,4401800
10/6/2014,16544.09961,10713800
10/13/2014,16380.41016,6482000
10/20/2014,16805.41016,4813000
10/27/2014,17390.51953,4346900
11/3/2014,17573.92969,3909800
11/10/2014,17634.74023,3536800
11/17/2014,17810.06055,4502100
11/24/2014,17828.24023,3216200
12/1/2014,17958.78906,4231400
12/8/2014,17280.83008,5162300
12/15/2014,17804.80078,8165400
12/22/2014,18053.71094,2767900
12/29/2014,17832.99023,2604700
1/5/2015,17737.36914,5173400
1/12/2015,17511.57031,5360400
1/19/2015,17672.59961,4242200
1/26/2015,17164.94922,6193900
2/2/2015,17824.28906,4970100
2/9/2015,18019.34961,4638000
2/16/2015,18140.43945,3643700
2/23/2015,18132.69922,4260700
3/2/2015,17856.7793,4437100
3/9/2015,17749.31055,5335600
3/16/2015,18127.65039,7569600
3/23/2015,17712.66016,5127400
3/30/2015,17763.24023,4142400
4/6/2015,18057.65039,4529700
4/13/2015,17826.30078,5449100
4/20/2015,18080.14063,5089700
4/27/2015,18024.06055,5690000
5/4/2015,18191.10938,4576600
5/11/2015,18272.56055,4603000
5/18/2015,18232.01953,4096300
5/25/2015,18010.67969,4131600
6/1/2015,17849.46094,4189200
6/8/2015,17898.83984,4470800
6/15/2015,18015.94922,6146000
6/22/2015,17946.67969,4958400
6/29/2015,17730.10938,4128900
7/6/2015,17760.41016,4521200
7/13/2015,18086.44922,4351200
7/20/2015,17568.5293,4796700
7/27/2015,17689.85938,4972200
8/3/2015,17373.38086,4673600
8/10/2015,17477.40039,4865100
8/17/2015,16459.75,6117000
8/24/2015,16643.00977,10193300
8/31/2015,16102.37988,6833100
9/7/2015,16433.08984,4699800
9/14/2015,16384.58008,7566200
9/21/2015,16314.66992,5487800
9/28/2015,16472.36914,6551200
10/5/2015,17084.49023,5678200
10/12/2015,17215.9707,5608500
10/19/2015,17646.69922,6427100
10/26/2015,17663.53906,5858000
11/2/2015,17910.33008,4993800
11/9/2015,17245.24023,5733800
11/16/2015,17823.81055,6793600
11/23/2015,17813.39063,4269300
11/30/2015,17847.63086,6269400
12/7/2015,17265.21094,5772300
12/14/2015,17128.55078,8501000
12/21/2015,17552.16992,3396500
12/28/2015,17425.0293,2830800
1/4/2016,16346.4502,6921500
1/11/2016,15988.08008,7968400
1/18/2016,16093.50977,6272200
1/25/2016,16466.30078,7278700
2/1/2016,16204.96973,6530300
2/8/2016,15973.83984,7205300
2/15/2016,16391.99023,5054000
2/22/2016,16639.9707,4866300
2/29/2016,17006.76953,5337600
3/7/2016,17213.31055,5663500
3/14/2016,17602.30078,7471100
3/21/2016,17515.73047,3482000
3/28/2016,17792.75,4434400
4/4/2016,17576.96094,4699800
4/11/2016,17897.46094,4825000
4/18/2016,18003.75,5162600
4/25/2016,17773.64063,5230200
5/2/2016,17740.63086,4337300
5/9/2016,17535.32031,4239700
5/16/2016,17500.93945,4783400
5/23/2016,17873.2207,3955800
5/30/2016,17807.06055,3837500
6/6/2016,17865.33984,3821100
6/13/2016,17675.16016,6301900
6/20/2016,17400.75,6110200
6/27/2016,17949.36914,5725000
7/4/2016,18146.74023,3716800
7/11/2016,18516.55078,4627100
7/18/2016,18570.84961,4291200
7/25/2016,18432.24023,4708500
8/1/2016,18543.5293,4086200
8/8/2016,18576.4707,3277300
8/15/2016,18552.57031,3648300
8/22/2016,18395.40039,3629200
8/29/2016,18491.96094,3807800
9/5/2016,18085.44922,3510100
9/12/2016,18123.80078,6875100
9/19/2016,18261.44922,4048300
9/26/2016,18308.15039,5086400
10/3/2016,18240.49023,3857600
10/10/2016,18138.38086,4031600
10/17/2016,18145.71094,4452400
10/24/2016,18161.18945,4494500
10/31/2016,17888.2793,4755900
11/7/2016,18847.66016,6180700
11/14/2016,18867.92969,5000500
11/21/2016,19152.14063,2896000
11/28/2016,19170.41992,5282600
12/5/2016,19756.84961,16470000
12/12/2016,19843.41016,20613300
12/19/2016,19933.81055,12595800
12/26/2016,19762.59961,7908400
1/2/2017,19963.80078,11668100
1/9/2017,19885.73047,14931400
1/16/2017,19827.25,13586700
1/23/2017,20093.7793,17732500
1/30/2017,20071.46094,18091400
2/6/2017,20269.36914,14793400
2/13/2017,20624.05078,17503200
2/20/2017,20821.75977,12420600
2/27/2017,21005.71094,15629000
3/6/2017,20902.98047,14294200
3/13/2017,20914.61914,16423100
3/20/2017,20596.7207,15210500
3/27/2017,20663.2207,13820400
4/3/2017,20656.09961,12794900
4/10/2017,20453.25,9890800
4/17/2017,20547.75977,14692500
4/24/2017,20940.50977,16548100
5/1/2017,21006.93945,14735700
5/8/2017,20896.60938,14086700
5/15/2017,20804.83984,18357200
5/22/2017,21080.2793,12812200
5/29/2017,21206.28906,12208200
6/5/2017,21271.9707,15542700
6/12/2017,21384.2793,20671400
6/19/2017,21394.75977,15311800
6/26/2017,21349.63086,14555700
7/3/2017,21414.33984,10231900
7/10/2017,21637.74023,12536400
7/17/2017,21580.07031,14257100
7/24/2017,21830.31055,15595700
7/31/2017,22092.81055,15052100
8/7/2017,21858.32031,12939100
8/14/2017,21674.50977,13891200
8/21/2017,21813.66992,12037200
8/28/2017,21987.56055,13219500
9/4/2017,21797.78906,12748100
9/11/2017,22268.33984,17945600
9/18/2017,22349.58984,15174000
9/25/2017,22405.08984,14991200
10/2/2017,22773.66992,12109400
10/9/2017,22871.7207,14973900
10/16/2017,23328.63086,16169200
10/23/2017,23434.18945,21527100
10/30/2017,23539.18945,18465000
11/6/2017,23422.21094,15316600
11/13/2017,23358.24023,22449100
11/20/2017,23557.99023,10323500
11/27/2017,24231.58984,19230800
12/4/2017,24329.16016,17208100
12/11/2017,24651.74023,19186000
12/18/2017,24754.06055,16266700
12/25/2017,24719.2207,9059000
1/1/2018,25295.86914,15592200
1/8/2018,25803.18945,17395700
1/15/2018,26071.7207,22070200
1/22/2018,26616.71094,22626500
1/29/2018,25520.96094,22819600
2/5/2018,24190.90039,34355400
2/12/2018,25219.38086,21256900
2/19/2018,25309.99023,15919000
2/26/2018,24538.06055,23070300
3/5/2018,25335.74023,18086200
3/12/2018,24946.50977,21378400
3/19/2018,23533.19922,19855600
3/26/2018,24103.10938,19976100
4/2/2018,23932.75977,20362700
4/9/2018,24360.14063,17037600
4/16/2018,24462.93945,18683900
4/23/2018,24311.18945,20394800
4/30/2018,24262.50977,19007900
5/7/2018,24831.16992,15925500
5/14/2018,24715.08984,14499200
5/21/2018,24753.08984,16009900
5/28/2018,24635.21094,14661300
6/4/2018,25316.5293,16380200
6/11/2018,25090.48047,18727300
6/18/2018,24580.89063,18965100
6/25/2018,24271.41016,16881400
7/2/2018,24456.48047,8621900
7/9/2018,25019.41016,12016600
7/16/2018,25058.11914,12944300
7/23/2018,25451.06055,14046400
7/30/2018,25462.58008,15081800
8/6/2018,25313.14063,11461200
8/13/2018,25669.32031,13616000
8/20/2018,25790.34961,11042700
8/27/2018,25964.82031,11608200
9/3/2018,25916.53906,10875400
9/10/2018,26154.66992,12903400
9/17/2018,26743.5,16426600
9/24/2018,26458.31055,12419600
10/1/2018,26447.05078,13334400
10/8/2018,25339.99023,19141700
10/15/2018,25444.33984,15701600
10/22/2018,24688.31055,21927500
10/29/2018,25270.83008,21762800
11/5/2018,25989.30078,15820700
11/12/2018,25413.2207,18180500
11/19/2018,24285.94922,12493200
11/26/2018,25538.46094,17640500
12/3/2018,24388.94922,16773000
12/10/2018,24100.50977,17938900
12/17/2018,22445.36914,28555700
12/24/2018,23062.40039,14859500
12/31/2018,23433.16016,14306600
1/7/2019,23995.94922,15769900
1/14/2019,24706.34961,15335200
1/21/2019,24737.19922,13541400
1/28/2019,25063.89063,19548100
2/4/2019,25106.33008,14004500
2/11/2019,25883.25,14246800
2/18/2019,26031.81055,11039700
2/25/2019,26026.32031,14232400
3/4/2019,25450.24023,13636600
3/11/2019,25848.86914,18786300
3/18/2019,25502.32031,16891600
3/25/2019,25928.67969,14163600
4/1/2019,26424.99023,12810800
4/8/2019,26412.30078,12585100
4/15/2019,26559.53906,12535900
4/22/2019,26543.33008,14416500
4/29/2019,26504.94922,14601300
5/6/2019,25942.36914,15237400
5/13/2019,25764,15282500
5/20/2019,25585.68945,13005000
5/27/2019,24815.03906,11653800
6/3/2019,25983.93945,13836700
6/10/2019,26089.60938,11478800
6/17/2019,26719.13086,14776700
6/24/2019,26599.96094,15351700
7/1/2019,26922.11914,8289500
7/8/2019,27332.0293,11413000
7/15/2019,27154.19922,11234200
7/22/2019,27192.44922,11845500
7/29/2019,26485.00977,16432100
8/5/2019,26287.43945,16079800
8/12/2019,25886.00977,14693500
8/19/2019,25628.90039,12866000
8/26/2019,26403.2793,11181900
9/2/2019,26797.46094,8922900
9/9/2019,27219.51953,13733200
9/16/2019,26935.07031,13670600
9/23/2019,26820.25,11901700
9/30/2019,26573.7207,12553500
10/7/2019,26816.58984,11296100
10/14/2019,26770.19922,11503000
10/21/2019,26958.06055,12824200
10/28/2019,27347.35938,13368300
11/4/2019,27681.24023,12777500
11/11/2019,28004.89063,12821000
11/18/2019,27875.61914,12031500
11/25/2019,28051.41016,8913100
12/2/2019,28015.06055,11620700
12/9/2019,28135.38086,11721600
12/16/2019,28455.08984,17297800
12/23/2019,28645.25977,6479300
12/30/2019,28634.88086,8663500
1/6/2020,28823.76953,13163000
1/13/2020,29348.09961,13714700
1/20/2020,28989.73047,12911500
1/27/2020,28256.0293,17004400
2/3/2020,29102.50977,15147600
2/10/2020,29398.08008,13617300
2/17/2020,28992.41016,10962300
2/24/2020,25409.35938,30192700
3/2/2020,25864.7793,28190200
3/9/2020,23185.61914,38205900
3/16/2020,19173.98047,40871400
3/23/2020,21636.7793,36776400
3/30/2020,21052.5293,26029800
4/6/2020,23719.36914,22445600
4/13/2020,24242.49023,23148600
4/20/2020,23775.26953,20267400
4/27/2020,23723.68945,21509300
5/4/2020,24331.32031,18081700
5/11/2020,23685.41992,21460400
5/18/2020,24465.16016,18272300
5/25/2020,25383.10938,17410300
6/1/2020,27110.98047,20042100
6/8/2020,25605.53906,24227800
6/15/2020,25871.46094,22773400
6/22/2020,25015.55078,22173000
6/29/2020,25827.35938,15111600
7/6/2020,26075.30078,17505900
7/13/2020,26671.94922,17956500
7/20/2020,26469.89063,19926300
7/27/2020,26428.32031,19491900
8/3/2020,27433.48047,17953600
8/10/2020,27931.01953,17644700
8/17/2020,27930.33008,15517600
8/24/2020,28653.86914,18234500
8/31/2020,28133.31055,28249600
9/7/2020,27665.64063,19196300
9/14/2020,27657.41992,23478600
9/21/2020,27173.96094,22405600
9/28/2020,27682.81055,19244500
10/5/2020,28586.90039,17207900
10/12/2020,28606.31055,20756700
10/19/2020,28335.57031,16859600
10/26/2020,26501.59961,21912900
11/2/2020,28323.40039,18956800
11/9/2020,29479.81055,22951200
11/16/2020,29263.48047,18102000
11/23/2020,29910.36914,13200300
11/30/2020,30218.25977,21284100
12/7/2020,30046.36914,17769400
12/14/2020,30179.05078,22619400
12/21/2020,30199.86914,12459100
12/28/2020,30606.48047,12364600
1/4/2021,31097.9707,21353800
1/11/2021,30814.25977,19932200
1/18/2021,30996.98047,16262000
1/25/2021,29982.61914,24139700
2/1/2021,30211.91016,3470600
